nombre,experiencia,tarifas,descripcion,acepta_Ave,acepta_Gato,acepta_Perro,acepta_Roedor,ubicacion_Amate,ubicacion_Bami,ubicacion_Bellavista-La Palmera,ubicacion_Centro,ubicacion_Cerro-Amate,ubicacion_El Plantinar,ubicacion_Este-Alcosa-Torreblanca,ubicacion_Huerta del Rey,ubicacion_La Cartuja,ubicacion_Los Remedios,ubicacion_Macarena,ubicacion_Nervión,ubicacion_Padre Pío-Palmete,ubicacion_Pino Montano,ubicacion_Polígono San Pablo,ubicacion_San Jerónimo,ubicacion_San Pablo-Santa Justa,ubicacion_Sur,ubicacion_Triana,tamaño_mascota_aceptada_Cualquiera,tamaño_mascota_aceptada_Grande,tamaño_mascota_aceptada_Pequeño
Pastora Nebot Fabra,9,22.06,Occaecati porro incidunt dolore omnis. Voluptatibus maiores voluptate facere accusantium a. Eius maxime a unde voluptatibus.,1,0,0,0,0,0,0,0,0,0,0,0,0,0,0,0,1,0,0,0,0,0,0,1,0,0
Leonel Arias,2,26.39,Voluptate aliquam minima debitis harum commodi. Ipsam ad ad perspiciatis ipsam quisquam velit debitis. Excepturi sed iste ratione.,1,1,1,1,0,0,0,0,0,0,0,1,0,0,0,0,0,0,0,0,0,0,0,1,0,0
Benito Che Llobet Cadenas,1,18.52,Numquam ipsa facilis non. Modi ex sunt alias nisi enim. Tempora eum maxime itaque molestiae inventore dignissimos nihil.,1,1,1,1,0,0,1,0,0,0,0,0,0,0,0,0,0,0,0,0,0,0,0,0,1,0
Yolanda Moles Gómez,8,25.0,"Accusamus deserunt deserunt error. Velit modi eaque voluptas error. Nostrum quae officiis illo impedit quasi deserunt.
Voluptatum facilis nam iste itaque accusamus cupiditate explicabo.",1,1,1,1,0,0,0,0,0,0,0,0,0,0,0,0,0,0,0,0,1,0,0,0,1,0
Alejandra Casado,7,24.07,Voluptas ex laudantium iste voluptatem accusamus quasi. Doloremque illo magnam culpa earum. Sint voluptates aliquam neque.,0,1,1,1,0,0,0,0,0,0,0,0,0,0,1,0,0,0,0,0,0,0,0,0,0,1
Alonso del Mora,1,25.5,"Quam corrupti ex vero deleniti vero perspiciatis. Optio aut iure incidunt nemo.
Accusantium perspiciatis optio laborum eius ad. Libero ea recusandae maiores nobis numquam voluptates.",1,1,1,1,0,0,0,0,0,0,0,0,0,0,0,1,0,0,0,0,0,0,0,1,0,0
Encarnita Font Zurita,4,27.32,"Rerum consectetur repudiandae quibusdam exercitationem aut quod. Ipsa similique molestias consequatur ipsam eveniet illo.
Dolorum iste quo. Optio quibusdam eum veniam doloremque commodi aperiam.",0,0,0,1,0,0,0,0,0,0,0,0,0,0,0,1,0,0,0,0,0,0,0,0,1,0
Tomás Camps Lloret,5,29.59,"Nisi labore sequi. Ut illum omnis delectus facilis sunt.
Impedit eos impedit cum ab quia. Fuga similique quasi.",0,1,0,0,0,0,0,0,1,0,0,0,0,0,0,0,0,0,0,0,0,0,0,1,0,0
Inés Pelayo,1,28.89,"Vel totam tempora magnam praesentium explicabo libero reprehenderit. Amet expedita quia.
Qui eum architecto eaque. Vitae minima illum. Repellat voluptas corrupti.",1,0,0,0,0,0,0,0,0,0,0,0,0,0,0,1,0,0,0,0,0,0,0,0,1,0
Teresa Jordán Tejera,9,22.54,Voluptatum quos officiis eligendi repellat suscipit nostrum. Modi doloremque ducimus explicabo optio. Dolore perspiciatis quam et ad quibusdam id.,1,1,0,1,1,0,0,0,0,0,0,0,0,0,0,0,0,0,0,0,0,0,0,1,0,0
Olegario Hernández Campos,3,23.15,Necessitatibus consectetur illo atque cupiditate. Iure fugit ad dolor accusamus. Nulla dolorum occaecati recusandae minus.,0,1,1,1,0,0,0,0,0,0,0,0,0,0,0,0,0,0,0,0,1,0,0,0,0,1
Valentín Elorza Laguna,5,22.7,Incidunt molestiae iusto. Hic repellat explicabo accusantium rem. Cum modi corporis totam repellat totam consequatur eaque.,0,1,0,0,0,0,0,0,0,0,0,0,0,0,0,0,0,0,0,0,1,0,0,0,0,1
Marianela Duarte Arrieta,1,13.75,Quas ratione deserunt ut nobis. Distinctio laboriosam pariatur unde asperiores adipisci perspiciatis culpa.,1,1,1,1,0,0,0,0,0,0,0,0,0,0,0,0,1,0,0,0,0,0,0,1,0,0
Chema Niño Ariza,8,25.88,Consequatur at voluptatem quis recusandae. Debitis facere magni totam ad labore rerum.,1,1,1,1,0,0,0,0,0,0,0,0,0,0,0,0,0,0,1,0,0,0,0,0,1,0
Nerea Roura Huerta,6,13.77,Dicta numquam quos voluptas maiores aliquam debitis. Velit minima assumenda possimus eos est. Aliquid illo voluptatum eius asperiores voluptate veritatis.,1,0,1,1,0,0,0,0,0,0,0,0,0,0,0,0,0,1,0,0,0,0,0,0,1,0
Nayara Sanabria Giralt,4,19.18,Molestias neque ipsam nisi animi aut doloribus. Occaecati dignissimos beatae enim soluta a temporibus. Similique qui perspiciatis quod.,1,1,1,0,0,0,0,0,0,0,0,0,0,0,0,0,0,0,0,0,0,0,1,0,0,1
Aarón Torrecilla,5,11.74,Laboriosam nemo quos quod quod dolorum. Quasi tempora labore beatae.,1,1,1,1,0,0,0,0,0,0,0,0,0,0,0,0,0,0,0,0,1,0,0,1,0,0
Adán Gonzalo Guzman,5,14.89,"Cumque quasi fuga iusto sed. Esse est aperiam numquam perferendis impedit.
Officiis libero occaecati iure eaque eveniet. Explicabo reiciendis a. Velit corrupti ab dignissimos.",0,0,1,0,0,0,0,0,1,0,0,0,0,0,0,0,0,0,0,0,0,0,0,1,0,0
Valentín Ariño Velázquez,2,21.58,Molestias illo cumque. Itaque labore nisi culpa natus voluptatem occaecati labore.,1,1,1,1,0,0,0,0,1,0,0,0,0,0,0,0,0,0,0,0,0,0,0,0,1,0
Juan Francisco Piña-Carro,5,16.42,Esse magni nostrum nesciunt inventore aut numquam. Temporibus veritatis nemo. Nisi cupiditate est repellat aliquid voluptatibus.,0,0,0,1,0,0,1,0,0,0,0,0,0,0,0,0,0,0,0,0,0,0,0,0,0,1
Andrés Felipe Leal Ferrándiz,3,18.49,Ad at quae distinctio dolores veritatis. Beatae nostrum nesciunt quas similique dicta. Ut neque error neque aliquid ipsam.,0,1,1,0,0,0,0,0,0,0,0,0,1,0,0,0,0,0,0,0,0,0,0,0,1,0
Julia del Mateos,7,10.82,Neque porro aliquid eligendi nam sapiente. Voluptatibus pariatur voluptatibus consequatur assumenda velit. Et molestias fuga rem recusandae.,0,1,0,0,0,1,0,0,0,0,0,0,0,0,0,0,0,0,0,0,0,0,0,0,0,1
Benjamín Acedo Múñiz,4,15.89,"Ea consequatur nam fugit ut ipsa pariatur. Assumenda deleniti odit iusto.
Cum debitis animi.
Quam delectus eveniet.",0,1,0,0,0,0,0,0,0,0,0,0,0,0,0,0,0,0,0,1,0,0,0,1,0,0
Mayte Catalán Salmerón,4,25.64,"Fuga natus itaque libero. At neque magni tenetur labore.
Consequatur optio nostrum reprehenderit tempore asperiores placeat. Officiis facilis omnis ab delectus. Quam quisquam nihil recusandae.",1,1,1,0,0,1,0,0,0,0,0,0,0,0,0,0,0,0,0,0,0,0,0,1,0,0
Violeta Adora Orozco Díez,4,18.81,Libero minima dolore quidem voluptate nam. Ullam laborum natus debitis tenetur mollitia. Dolores impedit consequatur et.,0,0,0,1,0,0,0,0,0,0,0,0,0,1,0,0,0,0,0,0,0,0,0,0,0,1
Ágata Ayllón Luís,7,11.26,"Soluta error maiores aliquid illum illo saepe soluta. Nihil odit quasi officiis.
Eveniet molestiae molestias voluptatem omnis impedit. Ullam nemo laboriosam. Excepturi suscipit amet optio.",1,0,0,1,1,0,0,0,0,0,0,0,0,0,0,0,0,0,0,0,0,0,0,0,1,0
Jose Luis Delgado Muro,4,12.48,"Amet cupiditate commodi facilis culpa molestiae.
Voluptatem exercitationem quisquam occaecati. Quo blanditiis corrupti inventore. Consectetur consequuntur hic.",1,1,1,0,0,0,0,0,0,0,0,0,0,0,0,0,0,1,0,0,0,0,0,0,0,1
Jose Angel Lara Alonso,5,16.89,"Possimus nobis iste labore cumque blanditiis. Soluta esse autem. Nihil quod fuga voluptatibus recusandae et iusto.
Eligendi distinctio corrupti laborum. Perspiciatis ullam natus odio facere vel.",1,1,1,0,0,0,0,0,1,0,0,0,0,0,0,0,0,0,0,0,0,0,0,0,0,1
María Teresa Lumbreras Villanueva,6,10.59,Asperiores rerum quod deserunt atque odit. Ducimus unde aspernatur quo sint. Sequi aperiam esse commodi.,1,1,0,1,0,0,0,0,0,0,0,1,0,0,0,0,0,0,0,0,0,0,0,0,1,0
Carina Pedraza Alarcón,6,29.77,"Dolore delectus accusantium suscipit quisquam vel sit. Inventore sint sed ut magni aut natus. Aliquid culpa tempore sunt.
Saepe accusamus earum delectus fugiat. Repellat numquam iste sit.",1,1,1,1,0,0,0,0,0,0,0,0,0,1,0,0,0,0,0,0,0,0,0,0,1,0
Salud Moraleda-Beltrán,5,10.17,Laudantium quos quasi animi iure. Voluptatibus similique temporibus assumenda magnam non sequi. Assumenda excepturi aut dolorum pariatur. Consectetur rem eos quos delectus libero explicabo odio.,0,0,1,0,0,1,0,0,0,0,0,0,0,0,0,0,0,0,0,0,0,0,0,1,0,0
Alfonso Laguna Baquero,6,23.79,Voluptas modi sapiente eaque. Officia facere quos necessitatibus quae autem recusandae. Quo porro sapiente commodi molestiae voluptatum corporis.,0,1,0,0,0,0,0,0,0,0,0,0,0,0,0,0,0,0,0,1,0,0,0,0,1,0
Guillermo León,6,11.27,Alias repellendus culpa soluta aspernatur laboriosam. Deserunt possimus blanditiis fuga impedit quidem praesentium. Nulla facilis corporis voluptatum praesentium fugit assumenda.,1,0,1,1,0,0,0,0,0,0,0,0,0,0,0,0,1,0,0,0,0,0,0,1,0,0
Andrés Antúnez Barberá,6,28.21,Voluptas similique facere reiciendis nobis hic maiores. Ipsam expedita enim blanditiis quas. Dolores inventore fugit quidem.,0,0,1,1,0,0,0,0,0,0,0,0,0,0,1,0,0,0,0,0,0,0,0,1,0,0
Venceslás Dávila,8,21.73,Molestias quod assumenda eaque facilis eligendi. Tempore in nesciunt consequuntur corrupti. Dolores debitis reiciendis culpa voluptates alias deserunt veritatis.,1,1,1,1,0,0,0,0,0,0,0,0,0,0,1,0,0,0,0,0,0,0,0,0,0,1
Valeria Dolores Lucena Rodrigo,8,22.63,"Et magnam quia aut quasi accusantium excepturi porro. Alias laudantium quas soluta.
Architecto veritatis harum. Natus et perferendis.",1,1,1,1,0,0,1,0,0,0,0,0,0,0,0,0,0,0,0,0,0,0,0,1,0,0
Catalina Vera Merino,8,29.95,Dolor corporis porro magni facilis. Maxime temporibus laudantium fuga delectus id.,0,0,0,1,0,1,0,0,0,0,0,0,0,0,0,0,0,0,0,0,0,0,0,0,1,0
Macaria del Silva,6,29.84,"Repudiandae dolorem non ex occaecati cumque accusamus. Quasi dicta recusandae repellat.
Aut deserunt ipsam cum illum possimus ut iste. Deserunt cumque modi ut laborum nemo aut expedita.",1,1,0,1,0,0,0,0,0,0,0,0,0,0,0,1,0,0,0,0,0,0,0,1,0,0
Juan Antonio Guillermo Fernández Gabaldón,9,29.52,"Repellat quia laborum odio perspiciatis harum eligendi. Perspiciatis dignissimos porro laboriosam culpa necessitatibus ex.
Debitis veniam quidem animi sequi deserunt.",1,1,1,1,0,0,0,0,0,0,1,0,0,0,0,0,0,0,0,0,0,0,0,0,0,1
Rosaura Fábregas Pont,7,28.54,"Ea autem nam officia temporibus. Distinctio doloremque enim non.
Facere labore quas iure. Minus itaque eaque blanditiis ipsam magni. Expedita accusamus aliquid eum corrupti quos.",1,1,1,0,0,0,0,0,0,0,0,0,0,0,0,0,0,0,0,1,0,0,0,0,0,1
Maximiliano Luz Cáceres,9,24.4,Placeat facilis nobis nihil in eligendi quod corporis. Ducimus architecto voluptas culpa accusamus cumque animi esse. Molestias rerum iste quae tenetur quo.,0,0,1,0,0,0,0,0,0,0,0,0,0,0,0,0,1,0,0,0,0,0,0,1,0,0
Ricarda Márquez Olivares,2,27.6,"Sed nulla voluptatibus ipsa officiis. Delectus veritatis maxime sit. Magni fuga repellat sapiente.
Voluptas molestias eaque totam consequuntur. Assumenda fuga id laudantium consequatur.",0,1,1,1,0,0,0,0,0,0,1,0,0,0,0,0,0,0,0,0,0,0,0,1,0,0
Eva de Sancho,2,19.93,"Qui quis nam aliquid pariatur vero.
Labore perspiciatis optio dolorum asperiores suscipit optio. Earum cumque rem maiores odio id atque. Accusamus doloribus perspiciatis vitae vero praesentium.",0,1,1,1,0,0,0,0,0,0,0,0,0,1,0,0,0,0,0,0,0,0,0,0,1,0
Lisandro Balaguer,9,20.58,"Voluptatem at fuga ad voluptate qui odio dignissimos.
Aspernatur totam nulla cum mollitia ratione sapiente amet. Perspiciatis laudantium iste minima.",1,1,1,0,1,0,0,0,0,0,0,0,0,0,0,0,0,0,0,0,0,0,0,1,0,0
Fidela Palacios Suárez,4,15.65,Quasi expedita possimus veritatis in necessitatibus dicta. Omnis cumque quos tenetur. Ad possimus excepturi sit.,0,0,0,1,0,0,0,0,0,0,0,0,0,0,0,0,0,0,0,0,1,0,0,0,0,1
Bernabé Sanz Juárez,3,21.7,"Quo maiores incidunt magnam optio. Laborum voluptas cumque delectus culpa voluptatibus.
Corrupti dignissimos totam incidunt ipsam similique. Vel voluptas et.",1,0,0,1,0,0,0,0,0,0,0,0,0,0,0,1,0,0,0,0,0,0,0,1,0,0
Felipe Ale Manrique Tovar,5,14.34,Repellendus possimus repellendus illum expedita totam odio. Sapiente at facilis quisquam. Voluptas consequatur voluptas voluptatum mollitia. Itaque laborum qui laudantium.,1,0,1,1,1,0,0,0,0,0,0,0,0,0,0,0,0,0,0,0,0,0,0,1,0,0
Duilio Guadalupe Méndez Paz,8,15.86,Officia libero quas nemo labore a. Ducimus natus quas magnam exercitationem voluptatibus autem. Laboriosam hic vero nam.,1,1,0,1,0,0,0,0,0,0,1,0,0,0,0,0,0,0,0,0,0,0,0,0,1,0
Iris Barral,5,29.85,A natus corporis tempora minima amet recusandae adipisci. Repellendus dolorum tempore tenetur.,0,1,0,0,0,0,0,0,0,0,0,0,0,0,0,0,0,0,1,0,0,0,0,1,0,0
Clímaco Fabregat Rivero,8,20.11,Odio quas quis dolores. Similique nesciunt minus at beatae neque sit.,0,1,1,0,0,0,0,0,0,0,0,0,0,0,1,0,0,0,0,0,0,0,0,0,0,1
Félix del Recio,5,25.47,"Voluptatum aliquid dolores impedit illo atque. Deleniti veniam modi eligendi sequi sit repellat. Optio illo reiciendis nemo.
Nam rem dignissimos.",1,1,1,1,0,0,0,0,0,0,0,0,0,0,0,0,0,0,1,0,0,0,0,0,1,0
Francisco Llorente Bayona,7,13.36,Nisi architecto odio dolore aut quaerat ipsum est. Autem voluptas voluptatibus optio officiis. Eveniet pariatur eius et amet sunt praesentium.,0,1,0,1,0,0,1,0,0,0,0,0,0,0,0,0,0,0,0,0,0,0,0,1,0,0
Eli Galan Comas,7,23.74,Corrupti dolore adipisci harum. Deserunt maiores harum ratione officiis numquam modi tempora. Quia libero illo vel laboriosam nemo.,1,1,1,0,0,0,0,0,0,0,0,1,0,0,0,0,0,0,0,0,0,0,0,1,0,0
Morena Carbó,4,24.31,Maxime quas veniam maiores inventore quidem neque. Facilis deleniti voluptatum maxime autem delectus. Omnis debitis ut delectus optio.,0,1,0,0,1,0,0,0,0,0,0,0,0,0,0,0,0,0,0,0,0,0,0,1,0,0
Dimas Luz-Bernat,2,16.49,"Cum suscipit quod magni corporis exercitationem sint. Incidunt quod architecto.
Facilis eius porro quia. Possimus molestiae odit corrupti accusantium. Amet rerum esse illum perferendis ipsum.",0,1,0,0,0,0,0,0,0,0,0,0,0,0,0,0,0,0,0,0,1,0,0,1,0,0
Eduardo Rico Ochoa,1,25.26,"Vitae numquam totam at facere nam pariatur. Magnam laudantium deleniti rem magni.
Nihil voluptate fuga. Labore iste ea eius vitae rerum iusto. Dolor impedit a omnis quis totam facilis voluptatum.",0,0,1,0,0,1,0,0,0,0,0,0,0,0,0,0,0,0,0,0,0,0,0,0,1,0
Heriberto Viña Lamas,7,27.49,"Perferendis cum impedit rem dolorum harum cupiditate. Porro similique magnam quod odio quibusdam.
Eum quasi praesentium delectus fugiat. Eligendi mollitia animi molestias error.",1,1,1,1,0,0,0,0,0,0,0,0,0,0,0,0,0,0,1,0,0,0,0,1,0,0
Loreto Montserrat Suárez Mateo,9,29.58,Veniam sapiente dolorem autem quas. Quidem quas provident a eius provident iusto.,1,0,1,1,0,0,0,0,0,0,0,0,0,0,0,0,0,0,0,0,0,0,1,0,0,1
Nazario Quirós Noriega,8,16.03,Molestias nobis expedita quidem iusto iste veniam dolore. Nostrum laboriosam distinctio itaque hic reprehenderit possimus. Eaque quasi tempore rerum accusamus.,1,0,0,0,0,0,0,0,1,0,0,0,0,0,0,0,0,0,0,0,0,0,0,0,1,0
Guiomar Ferrández Cerdán,8,15.02,"Dolores mollitia laborum voluptas consequatur. Dicta sequi dolor alias. Possimus voluptatum facilis porro esse culpa cumque.
Totam placeat officia quasi qui modi.",1,0,0,0,0,0,0,0,0,0,0,0,0,0,0,0,0,0,0,0,0,1,0,0,0,1
Máxima Mármol Clemente,2,10.14,Voluptate quidem facilis quam quos. Nobis laboriosam corrupti minima sunt.,1,0,1,1,0,0,1,0,0,0,0,0,0,0,0,0,0,0,0,0,0,0,0,1,0,0
Coral Barriga Borrás,9,18.7,Quisquam facere asperiores illum architecto nihil ipsa.,1,0,0,1,0,0,0,0,0,1,0,0,0,0,0,0,0,0,0,0,0,0,0,0,0,1
Salomé Céspedes Izquierdo,4,29.41,Excepturi alias dolores ad laudantium dolorum praesentium provident. Ea praesentium adipisci tenetur neque rem libero repellat. Sed hic qui minima.,0,1,1,1,0,0,0,0,0,0,0,0,0,0,0,0,0,0,0,0,0,0,1,0,0,1
Godofredo Cepeda Noguera,3,21.18,Corrupti error itaque nostrum dignissimos molestiae. Nisi tempore consequatur necessitatibus perspiciatis. Harum itaque eveniet perspiciatis.,1,1,1,1,0,0,0,0,0,0,0,1,0,0,0,0,0,0,0,0,0,0,0,0,0,1
Leonor Noriega Anaya,2,28.18,Dolorem iste amet magnam laboriosam. Beatae sequi molestias fugiat facilis. Non harum quam quae.,1,1,1,1,0,0,0,0,0,0,1,0,0,0,0,0,0,0,0,0,0,0,0,1,0,0
Emperatriz Pulido Velasco,8,11.47,"Asperiores dolores unde amet tenetur repudiandae rem. Eveniet temporibus laboriosam explicabo nam.
Pariatur minima quam eos. Minus accusantium id quidem iusto nobis.",1,0,1,1,0,0,0,0,0,0,0,0,0,0,0,0,0,1,0,0,0,0,0,0,0,1
Mamen Sáez Herranz,2,15.61,Eos aliquid asperiores placeat reprehenderit dignissimos quo. Architecto perspiciatis architecto quia reiciendis sed. Quas sint qui at. Fuga veniam quam fugiat nulla et.,0,1,1,0,0,0,0,0,0,0,0,0,0,0,0,0,0,0,1,0,0,0,0,0,1,0
Eustaquio Miró Sanz,6,27.95,Tenetur nihil fuga voluptatum aliquid corrupti sit. Nobis laboriosam eius praesentium facere quis hic error.,0,0,0,1,0,0,0,0,0,0,1,0,0,0,0,0,0,0,0,0,0,0,0,0,0,1
Serafina Marco-Boada,5,13.25,Repellendus nisi numquam cupiditate veniam. Occaecati in facilis atque dolorem aperiam. Sint eius modi adipisci.,1,1,1,0,0,0,1,0,0,0,0,0,0,0,0,0,0,0,0,0,0,0,0,1,0,0
Xiomara Fajardo Mariscal,8,25.31,Cupiditate omnis nostrum vel error. Perferendis architecto doloribus enim pariatur sequi.,0,1,0,1,0,0,0,0,0,0,0,0,1,0,0,0,0,0,0,0,0,0,0,0,1,0
Diego Rodríguez,3,16.86,"Dicta eius natus sapiente dicta. Ex nulla et totam pariatur.
Nam quas cupiditate ipsa quod impedit. Consequuntur ratione quisquam.
Aut quas tempora ad quibusdam assumenda porro. Dolorum id maxime.",1,1,1,1,0,0,0,0,1,0,0,0,0,0,0,0,0,0,0,0,0,0,0,0,0,1
Salud Casado Pintor,4,20.48,Voluptatum molestiae ratione porro ad. Voluptatibus velit perferendis odio aperiam. Enim placeat ad aliquam.,1,1,1,1,0,0,0,0,0,0,0,1,0,0,0,0,0,0,0,0,0,0,0,0,1,0
Baudelio Millán,4,11.24,Nihil doloribus doloremque iste hic eius iure. Deserunt labore numquam fugit culpa. Harum adipisci maxime. Asperiores neque tempora accusamus.,1,1,1,1,0,0,0,0,0,0,0,0,0,0,0,0,0,1,0,0,0,0,0,0,1,0
Alex Guitart Cañizares,6,11.26,Suscipit quisquam quasi eveniet et delectus dolore omnis. Ipsa velit vero dolores illum neque.,1,0,1,1,0,0,0,0,0,0,0,0,1,0,0,0,0,0,0,0,0,0,0,0,0,1
Laura Gutierrez Vallejo,8,29.91,"Dicta architecto natus maxime officiis ea temporibus. Quam magnam voluptas cupiditate aliquam.
Doloribus dolore quae dolorum. Ea quo minima quod facere.",0,1,1,0,0,0,0,1,0,0,0,0,0,0,0,0,0,0,0,0,0,0,0,0,1,0
Eladio Artigas Cózar,2,21.73,"Libero quas illum rem. Sit alias sapiente sequi corporis. Amet itaque voluptate tenetur.
Corrupti aliquid quidem iste sequi ducimus. Assumenda aut sed dicta deleniti et. Occaecati rem veritatis.",1,1,0,1,0,0,0,0,0,0,0,0,0,0,0,0,1,0,0,0,0,0,0,1,0,0
Alex del Arcos,9,18.11,Accusamus nobis cupiditate nisi ipsam quasi voluptas beatae. Voluptatibus nulla libero velit voluptatibus nemo.,0,0,1,0,0,0,0,0,0,0,0,0,0,0,0,0,0,0,0,0,0,0,1,1,0,0
María Jesús Salamanca Muñoz,4,16.62,Doloribus impedit neque. Perferendis ad corporis quae veritatis. Ducimus quis optio optio blanditiis mollitia modi.,0,0,1,1,0,0,1,0,0,0,0,0,0,0,0,0,0,0,0,0,0,0,0,1,0,0
Jose Angel Corbacho Galan,1,24.2,"Voluptatibus non quia. Reiciendis esse in delectus eveniet sit. Exercitationem possimus reprehenderit voluptatum necessitatibus.
Fugiat error enim rerum. Quos voluptatum modi adipisci et aut.",1,1,1,1,1,0,0,0,0,0,0,0,0,0,0,0,0,0,0,0,0,0,0,0,1,0
Juan Francisco Chaves Castañeda,7,20.64,Eos hic architecto nisi doloremque dignissimos. Quibusdam facere similique incidunt veniam distinctio dignissimos. Cumque perferendis animi tempora maiores eius.,0,0,1,1,0,0,1,0,0,0,0,0,0,0,0,0,0,0,0,0,0,0,0,0,0,1
Humberto Morcillo Belmonte,8,25.14,"Eaque sit tempora magnam. Cumque tempore labore rerum beatae. Vel saepe voluptate iste vel assumenda itaque.
Itaque ad molestiae. Cupiditate cum ea.",1,1,1,1,0,0,0,0,0,0,0,0,0,1,0,0,0,0,0,0,0,0,0,1,0,0
Otilia del Fuertes,5,27.15,"Explicabo magni blanditiis tempore. Aliquam itaque non similique dolorem totam. Ipsam ipsam sequi dolore.
Quaerat molestiae libero quibusdam alias. Deleniti voluptas distinctio.",1,0,0,1,0,0,0,0,0,0,0,0,0,0,0,0,1,0,0,0,0,0,0,0,1,0
Ruperta Sáenz,6,14.27,"Quo nihil ipsa accusamus. Quidem vitae quod ex nemo voluptate error.
Minus libero sed possimus deserunt. Nulla at rerum numquam.",1,1,1,0,0,0,0,0,0,0,0,0,0,1,0,0,0,0,0,0,0,0,0,0,0,1
Fabiola Baena Navarro,1,26.98,Dignissimos perferendis provident minus explicabo tenetur. Autem suscipit saepe rem debitis. Debitis eos rerum accusamus.,1,0,0,1,0,0,0,0,0,0,0,0,0,0,0,0,0,1,0,0,0,0,0,1,0,0
Domitila Llopis Llorens,8,25.65,Quod distinctio officia maxime. Illum officia laboriosam a sunt suscipit autem. Impedit quisquam eveniet illum hic maxime.,1,1,1,0,0,0,0,1,0,0,0,0,0,0,0,0,0,0,0,0,0,0,0,0,0,1
Isidora Genoveva Belda Corral,4,17.75,Beatae vel dolorum aperiam ullam natus corporis eum. Aut cum repellendus cupiditate blanditiis nisi enim. Quasi adipisci exercitationem qui.,1,1,1,0,0,0,0,0,0,0,0,0,0,0,0,0,0,0,0,1,0,0,0,0,0,1
Gilberto Pedro Castillo,2,23.77,Adipisci officia nulla. Sint ut qui dignissimos dignissimos. Fuga blanditiis nam laudantium harum.,0,0,1,0,0,1,0,0,0,0,0,0,0,0,0,0,0,0,0,0,0,0,0,0,1,0
Luis Vicente Hoz,4,13.35,"Ipsam tempore ducimus cupiditate. Quam sed error sequi facere atque nobis.
Nihil aut dignissimos nemo saepe itaque. Ullam aut earum minus consectetur. Numquam officiis magni assumenda eum.",1,1,1,1,0,0,0,0,0,0,0,1,0,0,0,0,0,0,0,0,0,0,0,0,0,1
Socorro Huerta Llabrés,1,12.37,"Sed nemo ullam mollitia. Consectetur beatae qui reiciendis quaerat iste soluta.
Quisquam et quis mollitia voluptate nisi animi. Reprehenderit placeat asperiores quos.",1,1,1,1,0,0,0,0,0,0,0,0,0,0,0,0,0,0,0,0,1,0,0,0,0,1
Marcia Romeu Salas,5,22.08,"Aut at debitis velit corrupti.
Minus quia laudantium ab. Molestiae tempore ipsam unde magnam. Doloremque asperiores facilis error.",1,1,1,1,0,1,0,0,0,0,0,0,0,0,0,0,0,0,0,0,0,0,0,1,0,0
Dionisio Adalberto Lumbreras Zabaleta,6,10.71,Consequuntur autem officiis consequatur cum placeat. Incidunt minus esse impedit ipsam doloribus aspernatur. Repellat odit est culpa.,1,1,1,1,0,0,0,0,0,0,0,0,0,0,0,0,0,0,0,0,0,1,0,1,0,0
Evelia Carranza,8,21.39,"Quia quia saepe debitis error quasi occaecati. Ducimus quae eligendi aperiam.
Facilis sapiente necessitatibus.",1,0,1,1,0,1,0,0,0,0,0,0,0,0,0,0,0,0,0,0,0,0,0,0,0,1
Berto Bayona Vives,3,26.39,"Tenetur a iure blanditiis.
Asperiores dolor non aliquam placeat debitis. Perspiciatis modi culpa a hic veritatis assumenda magnam.",1,1,1,1,0,0,0,0,0,0,0,0,0,0,0,0,0,0,0,1,0,0,0,1,0,0
Albina Adán Perea,2,25.47,Nemo facere non dolor suscipit sunt. Eum nostrum fugiat possimus voluptas. Culpa error ducimus voluptas minima soluta.,0,1,1,1,0,0,0,0,0,0,0,0,0,0,0,0,0,0,1,0,0,0,0,1,0,0
Luciana Díaz Diéguez,7,13.95,Sed nihil veritatis neque aut animi voluptatem. Tempora ipsa in. Fugiat dicta voluptate quas dolores. Iste nam dolorem provident odit iste.,1,0,1,0,0,0,0,0,0,0,0,0,0,0,0,0,0,0,1,0,0,0,0,0,0,1
Angelita Alcázar Ferreras,4,29.08,"Illum corrupti nisi delectus consectetur repellat aliquam. Fuga perferendis nam veritatis corporis iure.
Deleniti fuga quidem consequatur dicta eos. Ea quisquam illo.",0,1,1,0,0,0,0,1,0,0,0,0,0,0,0,0,0,0,0,0,0,0,0,0,0,1
Néstor Mínguez Carrasco,1,23.33,"Occaecati quos esse explicabo. Repellendus placeat porro.
Tenetur dolor magnam modi voluptatem aliquid. Nostrum cum ab sunt iure culpa.
Similique atque enim alias. Hic eum blanditiis quam tempora.",0,1,0,0,0,0,0,0,0,0,0,0,1,0,0,0,0,0,0,0,0,0,0,0,1,0
Celso Español Pomares,5,20.39,Fugit velit molestias cupiditate repellendus omnis officia eum. Libero aperiam tempora recusandae tenetur in blanditiis provident.,1,1,1,1,0,0,0,0,0,0,0,0,0,0,0,0,1,0,0,0,0,0,0,1,0,0
Octavia Lloret Llorente,1,12.73,Doloribus aut exercitationem ab blanditiis. Et nulla iusto expedita. Repellat odio possimus. Placeat minima dicta consectetur quos cumque quo necessitatibus.,1,1,1,1,0,0,0,0,0,1,0,0,0,0,0,0,0,0,0,0,0,0,0,1,0,0
Evita Gaya Medina,6,22.78,"Adipisci enim voluptatem suscipit ducimus natus quo. Dicta cupiditate dolorum perferendis alias itaque alias.
Nobis et cupiditate cum labore at dolor. Sunt sapiente perferendis ipsam maxime in modi.",0,1,1,1,0,0,0,0,0,0,0,0,0,0,0,0,0,0,1,0,0,0,0,0,1,0
Eligia Medina Giménez,9,12.4,Cumque debitis similique tempore fugit. Aspernatur voluptas hic alias ea.,1,1,1,1,0,0,0,0,0,0,0,0,0,0,0,0,1,0,0,0,0,0,0,1,0,0
Mónica Vega-Solano,4,13.76,"Veniam laborum labore excepturi. Sint optio tenetur rem consequuntur.
Labore sit ducimus deserunt aliquid labore labore aliquid. Laboriosam illo placeat nihil.",1,1,1,0,0,0,0,0,0,1,0,0,0,0,0,0,0,0,0,0,0,0,0,1,0,0
Manu Adelardo Antón Suarez,4,25.86,Rem in ipsam qui pariatur libero. Debitis blanditiis odit recusandae eveniet. Consectetur ducimus voluptatibus. Distinctio neque modi doloremque architecto.,0,1,0,1,1,0,0,0,0,0,0,0,0,0,0,0,0,0,0,0,0,0,0,0,0,1
Adelina Salom-Giménez,4,15.01,"Ea quos dolor deleniti. Minus eveniet minima nulla harum. Alias debitis earum inventore.
Provident aspernatur minima porro. Fugiat necessitatibus autem eligendi quidem saepe.",0,1,0,1,0,0,0,0,1,0,0,0,0,0,0,0,0,0,0,0,0,0,0,0,0,1
Marisa Cuenca Bravo,5,14.99,Facilis hic veniam ea commodi quasi iste quae. Tenetur animi cum. Commodi unde corrupti occaecati odio optio quis. Placeat illum sapiente nostrum minus expedita.,0,1,0,0,0,0,0,0,1,0,0,0,0,0,0,0,0,0,0,0,0,0,0,0,0,1
Otilia Becerra Mulet,5,11.26,Omnis fugiat cumque laboriosam aliquid at. Vero eveniet minima tempora reiciendis incidunt dolorem. Ipsum in maxime nemo.,0,1,1,0,0,0,0,0,0,0,0,1,0,0,0,0,0,0,0,0,0,0,0,1,0,0
Calixto Coello Planas,4,20.0,Vero adipisci ipsum dignissimos iusto eaque veniam. Expedita perspiciatis iure aut vero reprehenderit id. Quibusdam est neque quo.,1,1,1,1,0,0,0,0,0,1,0,0,0,0,0,0,0,0,0,0,0,0,0,0,0,1
Alba Águila Ramón,6,19.11,"Nemo amet impedit vero. Quod laudantium eius ipsa dolorum. Tempore ullam sint.
Id quisquam quas iusto. Magni quam cum maiores voluptatum expedita et repellat.",1,1,1,1,0,1,0,0,0,0,0,0,0,0,0,0,0,0,0,0,0,0,0,1,0,0
Alma Pedrero Malo,3,29.38,Doloribus consectetur animi suscipit. Et error quas illum incidunt corrupti enim. Voluptate consequuntur dolor commodi tenetur.,1,1,1,1,0,1,0,0,0,0,0,0,0,0,0,0,0,0,0,0,0,0,0,0,1,0
Clotilde Nadal-Narváez,1,18.59,Sit temporibus mollitia necessitatibus. Earum molestias impedit commodi. Ad libero possimus repellendus sequi laborum reiciendis culpa. Occaecati ipsa ad labore saepe maxime.,0,0,1,0,0,0,0,0,0,0,0,0,0,0,0,0,0,0,0,0,0,1,0,0,1,0
Marcelo Barrios Villanueva,5,16.9,Enim veniam ad aliquam cupiditate ipsum repellat.,1,1,0,1,0,0,0,0,0,0,0,0,0,0,0,1,0,0,0,0,0,0,0,0,1,0
Mar del Maldonado,1,24.68,Quam inventore in maxime sunt corrupti. Architecto illum tenetur est nostrum modi voluptas asperiores.,0,0,1,0,0,0,0,0,0,0,0,0,0,0,0,0,0,0,1,0,0,0,0,1,0,0
Adelia Arcos Azorin,1,13.83,"Aliquam nam omnis deleniti sed in sequi et. Velit harum impedit autem.
Omnis temporibus at veritatis temporibus. Et mollitia nobis debitis nobis.",1,1,1,1,0,0,0,0,1,0,0,0,0,0,0,0,0,0,0,0,0,0,0,0,1,0
Sebastián de Castro,7,21.38,Nobis nobis at quod distinctio eius voluptatem velit. Officiis sed veniam consequatur delectus saepe a.,1,0,1,0,0,0,0,0,0,0,0,0,0,0,0,0,1,0,0,0,0,0,0,0,1,0
Jafet del Madrid,7,26.96,Tempore esse quod dolor natus illo doloribus.,1,0,0,1,0,0,0,0,0,0,0,0,0,0,0,0,1,0,0,0,0,0,0,0,1,0
Melisa Alemán,3,28.83,Cumque aliquid illum dolore. Cupiditate odio natus quisquam. Saepe tenetur aliquam dolorem necessitatibus vero.,1,1,1,1,0,1,0,0,0,0,0,0,0,0,0,0,0,0,0,0,0,0,0,1,0,0
María Del Carmen Valenzuela Guerra,6,22.55,Nihil fugit deserunt quidem numquam saepe amet. Labore eum tempore commodi doloremque reiciendis eum. Quae nam porro nisi iure in possimus nisi.,1,1,1,1,0,0,0,0,0,0,0,0,0,0,0,0,0,0,0,0,0,0,1,1,0,0
Ramón Revilla Ramirez,8,11.56,Facilis quam qui commodi similique molestias aut iusto. Corporis fuga eveniet. Aut ipsum neque ullam explicabo porro tempore deserunt.,1,0,0,0,0,0,0,0,0,0,0,0,0,1,0,0,0,0,0,0,0,0,0,0,1,0
Sabina Gomila Martorell,6,25.22,"Quibusdam voluptas consectetur illum doloremque aperiam dicta. Dolorem provident recusandae vel accusamus sapiente reiciendis. Tempore rem in amet voluptatem.
Sequi placeat aspernatur quo eius.",0,1,0,0,0,0,0,0,0,0,0,0,0,0,1,0,0,0,0,0,0,0,0,0,1,0
Martín Eutimio Luz Llanos,4,12.73,"Atque earum minus aliquam quidem. Ad libero eos.
Quod deleniti iste distinctio. Porro minus veniam voluptatibus omnis veritatis. Tenetur minus ut cum impedit.",0,1,0,1,0,0,0,1,0,0,0,0,0,0,0,0,0,0,0,0,0,0,0,0,1,0
Angélica Yéssica Heredia Figueroa,4,18.82,Eveniet suscipit voluptate laboriosam distinctio. Nostrum repellat fuga aut deserunt et. Expedita eligendi provident praesentium laboriosam aut repellat.,0,1,1,0,0,0,0,0,0,0,0,0,0,0,0,0,0,0,0,1,0,0,0,1,0,0
Camilo Heriberto Elorza Hoyos,1,13.9,"Enim assumenda corporis quasi beatae. Sed optio beatae rem incidunt.
Iste accusamus quasi. Perferendis esse architecto quibusdam repellendus sequi rem.",0,1,1,1,0,0,0,0,0,0,0,0,0,0,0,0,0,0,0,0,0,0,1,0,0,1
Ruben Rius Villaverde,7,19.69,Quas expedita omnis ratione atque. Iste ducimus cupiditate dicta ipsa. Minus neque cumque officia adipisci.,1,0,1,0,0,0,0,0,0,0,0,0,0,0,0,0,0,0,1,0,0,0,0,1,0,0
Benigna Gálvez Galván,9,18.13,Porro enim sint eius. Nostrum quis vitae harum. Fuga voluptas assumenda quibusdam corrupti accusamus impedit.,1,0,1,1,1,0,0,0,0,0,0,0,0,0,0,0,0,0,0,0,0,0,0,0,1,0
María Dolores Mónica Ballester Pozuelo,7,15.15,Ratione deleniti explicabo error porro. Dolore reiciendis dolorum harum. Ipsum culpa cum eligendi.,1,1,1,1,0,0,0,0,0,0,1,0,0,0,0,0,0,0,0,0,0,0,0,0,1,0
Moreno Barba Pastor,4,24.83,"Quisquam veritatis eos similique omnis temporibus. Ex veritatis quos accusamus. Nesciunt tempora temporibus nesciunt quae praesentium.
Quidem error vel excepturi quasi.",1,1,1,1,0,0,0,0,0,0,0,1,0,0,0,0,0,0,0,0,0,0,0,1,0,0
María Fernanda Olmo Berrocal,2,22.07,Reprehenderit neque vitae iste totam tempora aut voluptates.,1,1,0,1,0,0,0,0,0,0,0,0,0,0,0,0,0,0,0,0,1,0,0,0,1,0
Toño Guerrero Lorenzo,3,20.05,Quo nulla eum optio quaerat beatae voluptates magni. Porro temporibus repellat velit asperiores laboriosam. Ipsum ipsam ea dolorem.,1,1,1,1,0,0,0,0,0,0,0,0,1,0,0,0,0,0,0,0,0,0,0,0,0,1
Íngrid Pineda Tolosa,2,15.91,Voluptate reprehenderit quam voluptates officiis. Quas voluptatibus laborum doloremque inventore dolores. Totam sunt illum ad distinctio voluptatibus expedita.,1,0,0,1,0,0,0,0,0,0,0,0,0,0,0,0,0,0,1,0,0,0,0,0,0,1
Amaya del Bernat,7,22.77,Minus fugit a quod reiciendis cumque. Assumenda minus blanditiis iusto aliquid dignissimos autem.,0,0,0,1,0,0,0,0,0,0,1,0,0,0,0,0,0,0,0,0,0,0,0,0,0,1
Octavio Santiago Arellano Ugarte,4,11.5,"Delectus omnis consequuntur alias rem illo. Facere officiis nulla ducimus atque.
Minus ipsam id ipsum. Blanditiis officia sit ducimus aperiam.",1,0,0,1,0,0,0,0,0,0,0,0,0,0,0,0,0,1,0,0,0,0,0,1,0,0
Milagros Checa-Ramírez,2,26.31,Amet dolorum accusantium velit cumque corrupti. Consequuntur repellat ut suscipit. Occaecati similique aliquid repellendus voluptatum labore error.,1,0,1,1,0,0,0,0,0,0,0,0,0,0,0,1,0,0,0,0,0,0,0,1,0,0
Jimena Ávila Salas,6,22.1,Accusamus distinctio quam aut amet quaerat. Molestias nulla fuga reiciendis recusandae distinctio incidunt. Nam quo veritatis aliquid esse.,1,0,1,1,0,0,0,1,0,0,0,0,0,0,0,0,0,0,0,0,0,0,0,1,0,0
Vicenta Alexandra Peñas Cobos,4,24.27,Vel quos accusantium deserunt quas odit. Odit occaecati aspernatur facilis beatae necessitatibus voluptatem. Et distinctio molestiae tempora tempore dolorem pariatur.,1,1,1,1,0,0,0,0,0,0,0,0,0,1,0,0,0,0,0,0,0,0,0,1,0,0
Nazaret Villalonga-Iñiguez,5,19.06,Asperiores a debitis nisi beatae non. Sint similique adipisci nostrum pariatur nisi. Hic sint rem nisi facilis. Reprehenderit accusamus porro officia iste.,1,0,0,1,0,0,0,0,0,0,0,0,0,0,1,0,0,0,0,0,0,0,0,1,0,0
Ligia Lourdes Jove Aznar,2,18.31,"Alias iusto unde fugiat culpa eius quia. Harum perferendis consectetur cumque aut tempore corrupti. Eligendi quod dolorem non quod. Ab ea tenetur.
Delectus minus repellat inventore.",1,1,1,0,0,1,0,0,0,0,0,0,0,0,0,0,0,0,0,0,0,0,0,1,0,0
Epifanio Perelló Valcárcel,7,28.76,"Saepe ipsum ipsam maxime.
Vero temporibus dolores eius. Magnam omnis quae itaque dolores. Qui inventore at necessitatibus repellat culpa accusamus.",1,1,1,0,0,0,0,0,0,0,0,0,0,0,0,0,1,0,0,0,0,0,0,1,0,0
Pancho del Esparza,4,22.03,"Architecto earum quos reiciendis voluptas nesciunt iste nam. Veritatis sapiente commodi. Consectetur libero optio labore deserunt beatae id.
Incidunt aut dolor porro ipsum omnis.",1,1,1,1,0,0,0,1,0,0,0,0,0,0,0,0,0,0,0,0,0,0,0,0,0,1
Herberto Cándido Plana Fortuny,3,21.68,"Itaque sint quisquam porro perferendis. Aspernatur ipsa praesentium sit ratione molestias expedita.
Perferendis alias autem aperiam. Itaque deserunt possimus.",1,1,1,1,0,0,0,0,0,0,0,0,0,0,0,0,0,0,0,0,0,0,1,0,1,0
Candelaria Herrero-Luz,9,14.15,Consectetur optio temporibus nisi illo corporis. Expedita magni quasi. Illo animi nesciunt expedita recusandae voluptatem sunt.,0,1,1,1,0,0,0,0,0,0,0,0,0,0,0,0,0,1,0,0,0,0,0,0,1,0
Edelmira Cabanillas Serra,9,29.71,"Adipisci omnis optio. Eveniet vero soluta.
Harum et beatae dignissimos itaque debitis nulla. Blanditiis ad accusantium eius quidem deserunt doloremque.",1,1,1,0,0,0,0,0,0,0,0,1,0,0,0,0,0,0,0,0,0,0,0,1,0,0
Rosa María Elorza Uribe,8,20.49,Incidunt in est quaerat amet soluta id quae. Voluptas neque ullam ea corporis et laborum beatae. Atque qui autem adipisci esse et.,1,0,0,0,0,0,0,0,0,0,0,0,0,0,1,0,0,0,0,0,0,0,0,1,0,0
Olga Nidia Rocamora Barragán,9,19.76,Provident mollitia veniam voluptate. Vitae recusandae dolor ratione.,0,1,0,0,0,0,0,1,0,0,0,0,0,0,0,0,0,0,0,0,0,0,0,0,0,1
Édgar Amancio Jerez Mesa,8,28.0,"Sit architecto excepturi sint. Repellendus ratione id quo natus.
Reprehenderit aliquam nostrum incidunt tempore mollitia. Qui dolore aut sunt autem quas dolore.",1,0,1,0,1,0,0,0,0,0,0,0,0,0,0,0,0,0,0,0,0,0,0,1,0,0
Nayara Alsina Arcos,4,13.83,"Ad aliquam blanditiis possimus tempora itaque fuga. Ipsum debitis veniam alias odit rerum alias.
Voluptas temporibus architecto quae voluptates eaque libero.",0,1,1,1,0,0,1,0,0,0,0,0,0,0,0,0,0,0,0,0,0,0,0,0,1,0
Alondra Marcia Benavente Vicens,7,25.32,Vel dolor magnam aliquam magnam in animi voluptate. Magnam soluta neque labore voluptates hic quisquam iusto. Eaque maiores quod harum adipisci.,1,0,1,1,0,0,0,0,0,0,0,0,0,0,0,0,0,0,0,0,0,0,1,0,1,0
Ambrosio Robledo Pulido,7,29.86,Itaque veniam vel expedita error adipisci neque porro. Aliquid facere autem animi. Reiciendis suscipit incidunt quibusdam qui.,1,1,1,0,0,0,0,0,0,1,0,0,0,0,0,0,0,0,0,0,0,0,0,0,0,1
Clarisa Páez-Olivé,9,11.99,"Sunt quam nihil optio. Reiciendis sequi laudantium molestiae blanditiis. Molestiae quaerat laborum qui facere nulla.
Totam ad quas. Laboriosam et laborum veniam. Ut sit dolore accusamus modi.",0,0,1,0,0,0,0,0,0,0,0,0,0,0,0,0,1,0,0,0,0,0,0,0,1,0
Maximiliano Carbó Manso,6,12.84,"Tenetur ullam quis dicta culpa dicta. Eos officia reiciendis ad exercitationem totam ut.
Laboriosam ipsum voluptas est. Temporibus culpa a dolorem.",1,1,0,1,0,0,0,0,0,0,0,0,0,0,0,0,0,0,0,0,1,0,0,1,0,0
Aitana Ayala Folch,9,17.76,"Aut fugit nihil explicabo. Eligendi impedit reprehenderit.
Ab doloribus ratione temporibus. Adipisci laudantium saepe tenetur odit officiis libero. Labore rerum alias deleniti quisquam ab.",0,1,1,1,0,0,0,0,0,0,1,0,0,0,0,0,0,0,0,0,0,0,0,0,1,0
Teodoro Mariño,6,25.79,Non necessitatibus accusamus facilis reiciendis odio earum dolor. Pariatur laboriosam natus ad saepe. Molestias tempore placeat accusamus autem. Sapiente distinctio debitis sequi.,1,1,0,1,0,0,1,0,0,0,0,0,0,0,0,0,0,0,0,0,0,0,0,1,0,0
Marc Sarabia Porcel,5,16.72,"Explicabo odio autem. Animi nesciunt architecto occaecati at recusandae.
Dolores nesciunt nihil error id hic facilis. Velit sit commodi laborum.",1,1,1,1,0,0,0,0,0,0,0,0,0,1,0,0,0,0,0,0,0,0,0,1,0,0
Raúl Jove,8,29.13,"Illum consequatur doloribus dolorem. Dolorem nulla ut saepe.
Architecto dolores consequuntur. Possimus sapiente nesciunt recusandae. Sunt consectetur suscipit.",0,0,1,0,0,0,0,0,0,0,0,0,0,0,1,0,0,0,0,0,0,0,0,0,0,1
Jacinta Acuña Escolano,9,28.25,"Nobis culpa laboriosam facilis praesentium temporibus tempora officia. Quo corporis natus ut illum. Numquam mollitia quo earum veniam.
Repellendus ab explicabo inventore quae ut alias.",1,0,1,1,0,0,0,0,1,0,0,0,0,0,0,0,0,0,0,0,0,0,0,1,0,0
Rosaura Clavero,7,10.4,"Impedit saepe corporis quia a veritatis. Recusandae libero vel harum qui consequatur.
Deserunt tempora nam exercitationem amet. Recusandae unde repellat cumque excepturi.",0,1,0,0,0,0,0,0,0,0,0,0,0,0,0,0,0,0,0,0,1,0,0,0,0,1
Ibán Morante Toledo,8,11.79,Placeat dolores voluptatum harum facilis. Veniam deserunt dolore error. Expedita ut fugit omnis ipsa sapiente doloremque. Placeat suscipit blanditiis animi.,1,1,1,1,0,0,0,0,0,0,0,1,0,0,0,0,0,0,0,0,0,0,0,0,0,1
Jose Luis Modesto Macias Cruz,6,27.66,"Impedit corrupti aperiam facere. Sunt minima libero repellat magnam.
Est officiis illo. Quas corporis esse perferendis corrupti minus quibusdam. Quae eius odit esse itaque maiores nesciunt.",1,0,1,1,0,0,0,0,0,0,1,0,0,0,0,0,0,0,0,0,0,0,0,1,0,0
Alonso del Medina,5,17.66,Molestiae occaecati dolore laudantium quaerat laboriosam. Omnis iusto autem. Necessitatibus quis vero tempora temporibus.,0,0,1,0,0,0,0,0,0,0,0,0,0,0,0,1,0,0,0,0,0,0,0,0,0,1
Sofía Costa Valbuena,9,23.49,"Rerum eligendi perspiciatis atque.
Quisquam consequuntur quo rerum ex laborum. Doloribus optio commodi facere deserunt esse rem. Incidunt consequatur a sapiente.",1,0,0,1,0,0,0,1,0,0,0,0,0,0,0,0,0,0,0,0,0,0,0,0,1,0
Lope Dominguez Coll,8,23.75,Accusamus dolore incidunt quam libero. Eligendi velit nam neque dolore autem hic voluptatum. Beatae itaque rerum cupiditate rerum id consequuntur.,0,1,0,0,0,0,0,0,1,0,0,0,0,0,0,0,0,0,0,0,0,0,0,1,0,0
Ambrosio Balduino Coca Matas,5,13.51,"Rerum sequi officia cupiditate. Vitae itaque optio.
Cupiditate temporibus debitis dignissimos vitae soluta. Cum voluptates eveniet eveniet corrupti aut.",1,0,0,0,0,0,0,0,0,0,0,0,0,1,0,0,0,0,0,0,0,0,0,0,0,1
Juliana Ferrer Vidal,6,27.89,Vitae hic eaque voluptatibus. Vitae repellendus exercitationem libero laborum enim sequi. A cupiditate velit minima asperiores ad ducimus.,1,0,1,1,0,0,0,0,1,0,0,0,0,0,0,0,0,0,0,0,0,0,0,0,1,0
Lorenzo Giralt,6,14.27,Tenetur nostrum mollitia vel blanditiis vero.,1,0,0,0,0,0,0,0,0,0,0,0,0,0,0,0,0,0,1,0,0,0,0,1,0,0
Martin Nando Lago Redondo,3,19.28,Maiores facilis molestiae tempora exercitationem. Natus magnam repellat impedit nulla illum. Laudantium autem neque dignissimos laboriosam cupiditate quod.,1,1,1,1,0,0,0,0,0,0,0,0,0,0,1,0,0,0,0,0,0,0,0,0,1,0
Milagros Sainz Sola,8,19.89,"Ducimus minus illo autem hic consequuntur possimus unde. Quos rerum quas eius.
Nihil nulla praesentium dolorum sit officia adipisci commodi. Libero quibusdam possimus quam itaque.",0,0,1,0,0,0,0,0,0,0,0,0,0,0,0,0,0,0,0,0,0,0,1,0,1,0
Agustín Galindo Calzada,3,12.23,"Delectus beatae odio aut. Aperiam earum nulla. Quam architecto magni illum.
Sit voluptatibus facere expedita quisquam. Modi quo iusto ea.",0,1,0,0,0,0,0,0,0,1,0,0,0,0,0,0,0,0,0,0,0,0,0,0,1,0
Edelmiro del Hervia,9,21.99,Ab nam adipisci odit deleniti nesciunt ipsa. Amet ipsam corrupti molestias vel mollitia reprehenderit. Quaerat commodi totam esse.,1,1,1,1,0,0,0,0,0,0,0,0,0,0,0,0,0,0,0,0,0,0,1,0,0,1
Samanta Dorita Cardona Goñi,2,27.87,"Vel illo similique nobis ipsum ducimus. In fugit eum cumque.
Ducimus ea provident quisquam. Impedit tempora molestiae nisi veritatis labore facilis.",1,0,1,0,0,0,1,0,0,0,0,0,0,0,0,0,0,0,0,0,0,0,0,0,1,0
Daniel de Baró,8,16.53,"Sed illum dolore eaque minima atque totam. Veritatis nulla dolorum sunt sapiente.
Eum cumque vitae. Modi fugit fugiat minima ipsum.",1,1,0,0,0,0,0,0,0,0,0,0,0,0,1,0,0,0,0,0,0,0,0,0,1,0
Bernardita Montaña Barros,1,26.29,Quisquam inventore aliquam ipsam dolores commodi suscipit. Expedita amet suscipit quis dolore quaerat ad possimus. Et neque harum perferendis.,1,1,0,1,0,0,0,0,0,0,0,0,0,0,0,0,0,0,0,0,1,0,0,0,1,0
Calixta Álvarez Calvo,2,17.29,"Ut eius enim rerum quos quod.
Quas in qui totam placeat perferendis. Soluta vel adipisci animi error culpa reiciendis. Dolor odio accusantium.",1,0,0,0,0,0,0,0,0,0,0,0,0,0,0,1,0,0,0,0,0,0,0,0,0,1
Roberta Irma Casado Granados,5,27.5,"Magnam doloribus rerum tempore. Molestias adipisci soluta.
Aliquid quos officia. Est omnis sint enim cum ducimus.",1,0,0,0,1,0,0,0,0,0,0,0,0,0,0,0,0,0,0,0,0,0,0,0,0,1
Débora del Franch,7,16.21,"Earum ab voluptate vero quasi. Deleniti possimus expedita itaque.
Nesciunt dolorum animi esse impedit recusandae quis. Ab sequi distinctio architecto ullam impedit.",1,1,0,0,0,0,0,0,0,0,0,1,0,0,0,0,0,0,0,0,0,0,0,0,0,1
Mar Barrena Sastre,5,23.27,Labore facere eligendi porro delectus. Maxime porro cum quisquam adipisci cupiditate amet. Laudantium amet natus labore at laborum nisi.,1,1,0,1,0,0,0,0,0,0,0,0,0,0,0,0,0,0,1,0,0,0,0,1,0,0
Julie Vega Polo,5,16.85,"Aut nemo possimus nulla voluptatem tempore quaerat. Recusandae neque itaque voluptatibus.
Nostrum eaque ex. Expedita sequi iste rerum tempora. At voluptas ipsa quo.",0,0,1,0,0,0,0,0,0,0,0,0,1,0,0,0,0,0,0,0,0,0,0,1,0,0
Alondra Duran Iglesias,7,24.42,Temporibus doloribus doloremque ducimus. Beatae ut consequuntur placeat saepe porro dolorum animi. Ratione assumenda nostrum modi sunt qui minus ratione.,1,1,1,1,0,0,0,0,0,0,0,0,0,0,0,0,0,0,0,0,0,0,1,0,0,1
Encarna Pallarès Tejada,9,20.94,Voluptatum nihil ea repellendus facilis blanditiis. Rerum soluta amet inventore dolores sed. Exercitationem odit esse odio voluptatem architecto.,1,1,0,1,0,1,0,0,0,0,0,0,0,0,0,0,0,0,0,0,0,0,0,0,0,1
Galo Dalmau Cifuentes,5,29.98,"Accusamus commodi beatae atque voluptatem modi alias sed. Omnis illo nemo sed accusantium eius praesentium ab.
Suscipit expedita minima. Quibusdam fugiat harum aliquid quaerat.",1,0,0,1,0,0,0,0,0,0,0,0,1,0,0,0,0,0,0,0,0,0,0,0,1,0
Aitana Fonseca Solano,3,27.77,"Ratione accusantium earum veniam. Natus eum eos consectetur rem impedit.
Iste veritatis omnis soluta. Deleniti ipsa nesciunt placeat dignissimos iure.",1,0,1,1,0,0,0,0,0,0,0,0,1,0,0,0,0,0,0,0,0,0,0,1,0,0
Candelaria Lledó,7,22.28,Cupiditate earum deleniti amet sit atque. Velit quidem ipsa sed inventore numquam molestias. Aliquam soluta eius tempora.,0,1,1,1,0,0,0,0,1,0,0,0,0,0,0,0,0,0,0,0,0,0,0,0,0,1
Rocío Ruano,8,15.01,"Architecto deserunt fuga reprehenderit nesciunt enim neque quod. Dolores dolor voluptate.
Expedita minus libero recusandae ex.",1,1,0,0,0,0,0,1,0,0,0,0,0,0,0,0,0,0,0,0,0,0,0,0,0,1
Lucía Neira,2,21.81,Dolores delectus explicabo officiis voluptate repellat. Aliquam necessitatibus eos reiciendis iusto. Quia a voluptas ratione repudiandae modi.,0,0,1,0,0,0,0,0,0,0,0,0,0,0,0,1,0,0,0,0,0,0,0,0,0,1
María Manuela José Planas Bonilla,7,17.22,Temporibus dignissimos nihil quisquam tempora nihil. Beatae repellendus impedit quo consequuntur. Ratione aspernatur reprehenderit ipsa.,1,0,0,0,0,0,0,0,0,0,0,0,0,0,0,0,1,0,0,0,0,0,0,1,0,0
Evangelina Acevedo Frías,1,10.92,Natus quibusdam reprehenderit illum. Officiis cupiditate beatae repudiandae animi quam. Quaerat consectetur dicta exercitationem repellendus ratione adipisci exercitationem.,1,1,0,1,0,0,0,0,0,0,0,0,1,0,0,0,0,0,0,0,0,0,0,1,0,0
César Tena,3,12.33,Distinctio laboriosam doloremque quos maxime. Adipisci nobis repellendus ab vero. Eius cum numquam dicta.,0,0,1,0,0,0,0,0,0,0,1,0,0,0,0,0,0,0,0,0,0,0,0,1,0,0
Seve Iniesta Lumbreras,1,20.81,"Illo odio iusto omnis enim nobis molestiae.
Distinctio sapiente accusamus aut quam quibusdam. Temporibus pariatur est ut odio enim molestias perferendis.",1,1,1,1,0,0,0,0,0,0,0,0,0,0,0,0,0,0,0,0,0,0,1,0,1,0
Verónica Moraleda Torrens,7,22.09,Vel vero rerum. Ea possimus perferendis inventore suscipit suscipit error. Officia cumque atque distinctio doloribus recusandae. Temporibus a quibusdam velit.,1,0,0,0,0,1,0,0,0,0,0,0,0,0,0,0,0,0,0,0,0,0,0,1,0,0
Mayte Seguí Herranz,9,11.07,Natus ipsa accusantium possimus nihil odio fuga. Tempore molestias deleniti nesciunt a neque. Inventore beatae consequuntur voluptas.,0,0,0,1,0,0,0,0,0,0,0,0,0,0,0,0,0,0,0,1,0,0,0,0,0,1
Bartolomé Rosario Yáñez Cáceres,6,18.33,"Minus doloribus quasi facere. Quas molestiae veniam.
Est asperiores quae pariatur dolor itaque delectus.",1,1,1,1,0,0,0,0,0,0,0,0,0,0,0,0,1,0,0,0,0,0,0,0,1,0
Jeremías Alemán Meléndez,3,15.93,Dignissimos cum delectus. Dolorem numquam recusandae unde quam neque impedit.,1,0,1,0,0,0,0,0,0,0,0,0,0,0,0,0,0,0,1,0,0,0,0,0,0,1
Saturnino Plana Gelabert,3,26.06,Repellendus doloribus id vero. Eos velit quia exercitationem perferendis veniam nulla ex. Minima blanditiis ea est aspernatur maiores quas.,0,1,1,0,0,0,0,0,0,0,0,1,0,0,0,0,0,0,0,0,0,0,0,0,1,0
Manuelita Jordá Rocamora,7,13.02,Dignissimos iste eum est nesciunt tempore. Expedita adipisci quis similique nesciunt magnam. Libero distinctio minima in provident non adipisci facilis. Nisi earum expedita sapiente asperiores quam.,1,0,1,1,0,0,1,0,0,0,0,0,0,0,0,0,0,0,0,0,0,0,0,0,0,1
Nereida Sandra Ortuño Ramis,6,29.99,Aperiam placeat mollitia quaerat explicabo expedita tempora ullam. Odio eaque dolorem vel dolorem laborum sunt. Officia commodi ipsa voluptatem. Veritatis optio explicabo officia totam cum.,0,0,1,1,0,0,0,0,0,1,0,0,0,0,0,0,0,0,0,0,0,0,0,0,0,1
Ema Camacho Coll,9,26.72,"Culpa enim eligendi dicta dignissimos. Quibusdam dicta itaque consectetur perferendis.
Necessitatibus deserunt nemo nemo. Laudantium nesciunt assumenda laborum occaecati.",1,0,0,0,0,0,0,0,0,0,0,0,0,0,1,0,0,0,0,0,0,0,0,0,1,0
Anabel Marin Herranz,9,24.46,"Aliquid repellendus consectetur dolor facilis debitis nemo mollitia. Blanditiis ab in ut nihil.
Temporibus voluptate sit quod nemo dolorem ipsum rem. Quaerat nemo ad id necessitatibus.",1,0,0,0,0,0,0,0,0,0,0,0,0,0,0,0,0,0,1,0,0,0,0,1,0,0
Joel Lobato Pujadas,3,25.76,"Suscipit unde vitae ipsum nesciunt. Beatae nulla minima cupiditate nisi. Sint recusandae possimus libero nemo deserunt similique.
Veniam vero cupiditate voluptates doloremque. Ea porro omnis quasi.",1,1,1,0,0,0,0,0,0,0,0,0,0,0,0,0,0,0,0,0,1,0,0,0,1,0
Juanita Lasa Barranco,4,20.72,Nesciunt sequi distinctio omnis eveniet. Voluptatem neque dolorem id nesciunt culpa sint.,0,1,1,1,0,0,0,0,0,0,0,0,0,1,0,0,0,0,0,0,0,0,0,1,0,0
María Teresa Bellido Morell,2,28.45,"Necessitatibus neque adipisci ullam sapiente nemo eum. Ipsam quis doloribus eos voluptas. Fugit consequuntur vitae dolores.
Voluptate dolorum itaque. Libero enim facere beatae.",1,1,1,1,0,0,0,1,0,0,0,0,0,0,0,0,0,0,0,0,0,0,0,0,1,0
Ana del Monreal,1,20.0,"Qui rerum minus. Occaecati laudantium saepe impedit eos tempora.
Modi molestias minus distinctio facere similique itaque. Inventore animi quam adipisci porro accusamus consectetur sunt.",1,1,1,1,0,0,0,0,0,0,0,1,0,0,0,0,0,0,0,0,0,0,0,0,1,0
Alexandra Casado,9,28.07,Nobis sunt ad similique beatae blanditiis. Dolorem harum nemo enim tenetur eum dolor. Minus temporibus ut quis ipsum.,1,1,0,1,0,0,0,0,0,0,0,0,0,0,0,0,0,0,0,0,1,0,0,0,1,0
Candelaria Sosa Alberto,4,13.65,Voluptate sit blanditiis ducimus vel. Quae nemo nihil possimus. Delectus magni tempora et perspiciatis.,1,0,1,1,0,0,0,0,0,0,0,0,0,0,1,0,0,0,0,0,0,0,0,1,0,0
Santos Dávila Milla,3,18.32,Ad odio id nemo. Dicta commodi ipsum facere facere consectetur. Eius deserunt blanditiis earum voluptatem.,1,1,0,0,0,0,1,0,0,0,0,0,0,0,0,0,0,0,0,0,0,0,0,0,1,0
Fabián Salcedo Blanca,8,16.83,"Voluptates sapiente iure consectetur alias ullam harum iste. Quos atque quis odio rem perspiciatis.
Soluta voluptate quae aliquam. Non commodi veniam doloremque ea.",1,1,1,1,0,0,0,0,1,0,0,0,0,0,0,0,0,0,0,0,0,0,0,0,1,0
Pastor Hidalgo Álvaro,5,24.86,"Quis voluptatum doloremque suscipit dolorem. Omnis quisquam itaque natus.
Quas blanditiis cupiditate quam optio saepe vero. Accusamus labore quisquam quasi accusantium.",0,1,1,1,0,0,0,0,0,0,0,0,0,0,1,0,0,0,0,0,0,0,0,0,1,0
Donato Sanmartín Maldonado,7,11.06,Molestias aut magni deserunt placeat quis. Eaque reiciendis quas molestiae itaque distinctio adipisci. Sunt voluptatibus blanditiis dolores enim.,1,1,1,0,0,1,0,0,0,0,0,0,0,0,0,0,0,0,0,0,0,0,0,1,0,0
Cristóbal Joan Pizarro Jurado,6,26.01,Facilis quia incidunt itaque magnam iste autem. Sed occaecati aut eum perspiciatis debitis. Sunt sequi quasi laborum tempore.,0,0,0,1,0,0,1,0,0,0,0,0,0,0,0,0,0,0,0,0,0,0,0,1,0,0
Gisela Moraleda Chamorro,8,15.75,"Minus ratione sit ducimus. Ex molestias quia in voluptas. Ratione perspiciatis omnis libero rem eum.
Voluptatem rem eius necessitatibus hic unde eligendi. Quidem illo quaerat nemo.",0,0,1,1,0,0,0,0,0,0,0,0,0,0,0,0,0,0,0,1,0,0,0,0,1,0
Dafne Samanta Gámez Romeu,7,19.06,Minus quo assumenda exercitationem omnis mollitia. Quidem maxime ratione vel blanditiis quia nam. Dignissimos unde vitae cum facere.,0,1,1,1,0,0,0,0,0,0,0,0,0,0,0,0,0,0,0,0,0,0,1,1,0,0
Xiomara de Cueto,4,13.59,Alias optio doloremque ipsa aliquam explicabo. Deleniti vero voluptatibus itaque nostrum delectus nisi rem.,1,1,1,1,0,0,1,0,0,0,0,0,0,0,0,0,0,0,0,0,0,0,0,0,0,1
Gala Fabra Vargas,1,15.95,"Asperiores rerum minus ducimus. Nemo unde asperiores. Earum assumenda magni.
Sed eligendi sunt commodi laborum. Dolorem saepe dignissimos consequatur labore.",0,0,1,1,0,0,0,0,0,0,0,0,0,0,0,0,0,0,1,0,0,0,0,0,0,1
Belén Coello Aramburu,6,16.42,Illum itaque praesentium consequuntur autem molestiae aliquid. Fugit consequatur labore provident ducimus impedit. Rem ipsam veniam consectetur occaecati in minima.,1,1,1,1,0,0,0,0,0,0,0,0,0,0,0,0,0,0,0,0,0,1,0,1,0,0
Carmela Sanmartín Huerta,3,19.87,Omnis ut voluptatem placeat. Asperiores cumque similique beatae quo occaecati earum.,0,1,0,0,0,0,1,0,0,0,0,0,0,0,0,0,0,0,0,0,0,0,0,1,0,0
Jose Luis Aguilera-Palau,5,12.42,"Deleniti molestias sunt laborum quasi.
Cum vitae alias doloribus tempore adipisci ab totam. Ullam beatae officia a in architecto placeat.",0,1,1,0,0,0,0,0,0,0,0,0,0,0,0,0,0,0,0,0,1,0,0,0,1,0
Aurelia Carranza Crespi,3,23.75,Ea ullam officia veritatis deleniti quidem. Laboriosam dignissimos repellendus error repellendus. Necessitatibus doloribus fugit architecto facere deserunt sit laborum.,1,0,1,1,0,0,0,0,0,0,0,0,0,0,0,0,0,0,0,0,1,0,0,0,1,0
Mirta Bartolomé Araujo,6,21.77,Excepturi esse dicta sed. Pariatur soluta eum iusto facere. Odio impedit accusamus sequi sed id earum iure.,0,1,0,1,0,0,1,0,0,0,0,0,0,0,0,0,0,0,0,0,0,0,0,1,0,0
Florencio Llanos Bellido,4,12.86,Veniam cum quaerat non porro culpa culpa. Tempore ad exercitationem illo excepturi cumque ipsum. Harum accusantium harum amet blanditiis modi asperiores unde.,1,1,1,1,0,1,0,0,0,0,0,0,0,0,0,0,0,0,0,0,0,0,0,0,0,1
Venceslás Llanos Peral,1,16.83,"Magni doloribus nisi officiis. Nam aperiam id impedit vel.
Vitae nam maiores repellendus laborum architecto veniam ipsa. Autem minima eum cupiditate animi. Repellat nam perspiciatis eveniet ab.",0,1,1,1,0,0,0,0,0,0,0,0,0,0,0,0,0,0,1,0,0,0,0,0,1,0
Guadalupe Molins,7,25.39,Ratione perferendis asperiores rem eligendi fugiat quis. Pariatur praesentium cumque inventore. Aut rem deleniti esse.,1,0,1,0,0,0,0,0,0,0,0,1,0,0,0,0,0,0,0,0,0,0,0,0,1,0
Hernando Fabra-Toro,7,21.04,"Doloribus eaque quisquam. Quisquam incidunt illum. Officiis id magnam.
Alias voluptatum adipisci. Quae delectus possimus dolores vel.",0,0,1,0,0,0,0,0,0,1,0,0,0,0,0,0,0,0,0,0,0,0,0,1,0,0
Ricardo de Garrido,8,15.66,Ut atque ullam sint voluptatum atque. Dolore nihil excepturi aperiam sequi nisi minima. Amet deserunt odio nam doloribus sunt. Exercitationem id itaque ab provident.,1,1,1,0,0,0,0,0,0,0,0,0,0,1,0,0,0,0,0,0,0,0,0,0,1,0
Galo Dávila Pinilla,6,25.73,"Ipsa libero fuga minus. Perspiciatis nulla autem non nisi accusantium.
Corrupti a quod corporis fugiat a.
Provident numquam doloremque quos. Nihil placeat aliquam illum.",1,1,1,1,0,0,0,0,0,0,1,0,0,0,0,0,0,0,0,0,0,0,0,0,0,1
Herberto Garcés Sanabria,1,28.01,Soluta delectus necessitatibus et labore dolorem laboriosam. Quidem voluptate amet tempora quae officiis delectus.,0,0,1,1,0,0,0,0,0,0,0,0,0,0,0,0,0,0,0,0,0,0,1,0,0,1
Pablo Ortiz Canet,1,18.63,"Suscipit est architecto minima. Veritatis nemo aspernatur a facilis eius.
Inventore possimus quaerat. Ipsa quas aut rerum modi similique dolore rerum. Vitae beatae explicabo animi iste.",0,1,1,0,0,0,0,0,0,0,0,0,0,0,0,0,1,0,0,0,0,0,0,0,0,1
Tomás Francisco Jose Blanes Antúnez,3,22.29,"Unde magnam consequatur dolores. Quaerat sit reprehenderit. Libero nam modi possimus tempore itaque a voluptate.
Perferendis occaecati commodi provident ut. Quibusdam saepe ad fuga placeat nobis.",0,1,0,0,0,0,0,0,0,1,0,0,0,0,0,0,0,0,0,0,0,0,0,1,0,0
Jacobo Jódar Izaguirre,4,10.75,"Aliquid blanditiis culpa ullam nisi mollitia vitae deserunt. Qui facere iusto iure.
Praesentium assumenda beatae deleniti repellat in. Repudiandae quae nihil molestiae cumque.",0,0,1,0,0,0,0,0,0,0,0,0,0,0,1,0,0,0,0,0,0,0,0,0,1,0
Osvaldo Egea,2,26.39,"Natus sequi autem omnis dolore cum nisi. Possimus maiores facere iste eum minus exercitationem doloribus. Ratione hic error facere.
Ratione sapiente odio rerum. Necessitatibus sunt blanditiis iure.",0,1,1,0,0,0,0,0,0,0,0,0,0,0,0,0,0,1,0,0,0,0,0,0,1,0
Maricruz Lastra Pinilla,3,22.96,"Eum totam earum sed.
Animi suscipit similique aspernatur et blanditiis quae. Ea voluptatem occaecati praesentium similique iste voluptatum. Ut ea fuga molestiae tempore.",1,1,1,0,0,0,0,0,0,0,0,1,0,0,0,0,0,0,0,0,0,0,0,1,0,0
Sancho Eleuterio Vicens Cózar,3,20.74,Veritatis fuga ratione cumque. Sunt deserunt maxime harum veniam itaque. Placeat quas praesentium optio.,0,1,0,1,0,0,1,0,0,0,0,0,0,0,0,0,0,0,0,0,0,0,0,1,0,0
Martín Garzón Dávila,4,13.77,"Minus impedit porro. At laborum asperiores commodi assumenda eos.
Necessitatibus inventore consectetur repellat quam laboriosam accusantium. Nulla odio eum fugiat saepe voluptates.",1,0,1,1,0,0,0,0,0,0,1,0,0,0,0,0,0,0,0,0,0,0,0,0,0,1
Elpidio Abad Osorio,8,25.53,Corporis nisi sint quae. Nemo dolorum deleniti fuga. Occaecati impedit ipsum rerum nemo consequatur. Fuga repudiandae assumenda doloremque eveniet ipsum iusto cum.,1,1,1,1,0,0,0,0,1,0,0,0,0,0,0,0,0,0,0,0,0,0,0,0,0,1
Reyes Quero Mayo,9,28.01,Suscipit nesciunt esse voluptas et assumenda necessitatibus sunt. Autem dolor quisquam impedit. Sit consectetur quibusdam.,0,1,1,1,0,0,0,0,0,0,0,0,0,0,0,0,0,0,0,0,0,0,1,1,0,0
Genoveva Andres Narváez,1,24.98,"Minima ratione magni. Dolorem nemo suscipit in iure.
Repudiandae assumenda aperiam facere. Recusandae quidem deserunt. Atque blanditiis occaecati.",1,0,0,0,1,0,0,0,0,0,0,0,0,0,0,0,0,0,0,0,0,0,0,1,0,0
Jimena Guerra Otero,4,22.14,Possimus ducimus accusantium. Veniam libero porro quod laboriosam illum. Ut aspernatur saepe sint. Omnis quae soluta consequuntur provident ex.,0,0,1,0,0,0,0,0,0,1,0,0,0,0,0,0,0,0,0,0,0,0,0,0,1,0
Jorge Bartolomé Saldaña,8,15.26,"Ut ipsa quaerat. Reprehenderit deleniti velit ut.
Hic sint officia similique officia laborum ducimus. Dignissimos labore cupiditate optio praesentium velit quos ipsa. Accusamus cum libero in.",1,1,1,1,0,0,0,0,0,0,0,0,0,0,0,0,0,1,0,0,0,0,0,0,1,0
Guadalupe del Pellicer,6,25.41,"Architecto illo perferendis. Ex numquam impedit qui.
Ea distinctio ipsum voluptatibus amet. Sequi sequi voluptas cum. Facere quaerat cum fugiat iusto voluptatem.",1,1,1,1,0,0,0,0,0,0,0,0,0,0,0,1,0,0,0,0,0,0,0,0,1,0
Macario Ayuso,1,17.13,Error quae minima dignissimos adipisci adipisci. Voluptatem libero qui architecto accusantium ut laboriosam. Vero provident odio incidunt tempora dolorum.,0,1,0,1,0,0,0,0,0,0,0,0,0,0,1,0,0,0,0,0,0,0,0,1,0,0
Daniela Valcárcel Llorens,8,12.02,Impedit quod illo. Adipisci fuga molestiae repellat suscipit illum ab eligendi. Quisquam voluptatibus veniam dolor assumenda maxime.,1,1,0,0,0,0,0,0,0,0,0,0,0,0,0,1,0,0,0,0,0,0,0,0,0,1
Celestina Esparza Carreras,2,29.7,Provident nisi quia repellendus quas nam. Unde ex aut perspiciatis saepe molestias. Explicabo sint est porro modi maxime voluptatem.,0,1,0,1,1,0,0,0,0,0,0,0,0,0,0,0,0,0,0,0,0,0,0,0,0,1
David Cerdán Valls,7,28.74,Distinctio quo rerum tempora perferendis rerum voluptates sint. Mollitia provident aperiam eligendi. Similique officia consectetur ullam reprehenderit explicabo.,1,0,0,0,0,0,0,0,0,0,0,0,0,0,0,0,0,0,0,1,0,0,0,1,0,0
Jennifer del Pedro,1,24.07,Eius voluptatum hic quidem et sed inventore blanditiis.,1,1,1,1,0,0,0,1,0,0,0,0,0,0,0,0,0,0,0,0,0,0,0,0,0,1
Eustaquio Tejada Giralt,3,13.56,Facilis quas nostrum natus fugit laborum eos quam. Distinctio a soluta sit labore qui nam. Magnam molestias quaerat sint. Ab suscipit consectetur nam.,1,1,0,1,0,0,0,0,0,0,0,0,0,0,0,0,0,0,0,0,1,0,0,0,0,1
Graciano Lozano Osorio,1,13.1,"Vitae corporis illum occaecati ex. Vel officia exercitationem accusantium. Odit voluptatum tempora.
Similique ipsam reprehenderit accusamus maiores.",0,0,1,0,0,0,0,0,0,0,0,0,0,0,0,0,0,0,0,0,0,0,1,0,0,1
Jimena Delgado Tello,2,20.71,"Labore atque earum nam dolorum. Consectetur earum aliquam deserunt.
Delectus dignissimos autem ab quasi. Laudantium placeat optio voluptatibus. Repudiandae corporis incidunt ab itaque.",1,0,0,0,0,0,0,0,0,1,0,0,0,0,0,0,0,0,0,0,0,0,0,0,1,0
Sabas Orozco Yáñez,1,17.03,"Soluta quis aspernatur fugit nihil. Deleniti itaque enim minus. Sit minus nostrum voluptatem quasi voluptas labore molestias.
Quo eveniet aliquam maxime. Iure quo tenetur et debitis officiis ex.",1,0,0,1,0,0,0,0,0,0,0,0,0,0,0,0,0,0,0,1,0,0,0,0,1,0
Horacio Gascón Díez,7,28.54,"Dolorem harum deserunt. Tempora quo consequatur eaque illo veniam nihil. Iure ad voluptas.
Dolorem nihil ipsum repellendus quis expedita ex. Repellendus optio a dolorem.",1,1,1,1,0,0,0,0,0,0,0,0,0,0,0,0,0,0,0,0,0,1,0,1,0,0
Anna Tejedor Perera,4,20.34,"Ipsam debitis aliquam amet ducimus consectetur. Soluta aut labore reprehenderit. Magnam molestiae architecto. Quod quisquam repellendus eaque.
Tempora iusto repellat et. Magnam beatae soluta dolorum.",1,1,0,0,0,0,0,0,0,0,0,0,0,1,0,0,0,0,0,0,0,0,0,1,0,0
Jesús Vicens,1,25.72,"Qui eius officiis cumque accusantium omnis. Sed optio asperiores laboriosam veniam cum nihil. Commodi cum pariatur.
Nam similique dicta nemo. Totam cupiditate iure dicta.",1,1,1,0,0,0,0,1,0,0,0,0,0,0,0,0,0,0,0,0,0,0,0,1,0,0
Nydia Amigó Gallo,7,17.71,Aliquam iure consectetur numquam officiis minima. Tempore placeat tenetur. Quis ipsum id.,1,1,1,1,0,0,0,0,0,0,1,0,0,0,0,0,0,0,0,0,0,0,0,0,1,0
Gabino Verdejo Roma,9,25.1,Praesentium placeat aut inventore sunt cumque. Harum et itaque officia dicta quam. Incidunt deserunt consequuntur et facilis aperiam quisquam. Sapiente recusandae facere ipsam praesentium.,0,0,1,1,0,0,0,0,0,0,1,0,0,0,0,0,0,0,0,0,0,0,0,0,1,0
Vicenta del Cadenas,3,27.53,Quos nihil libero facilis nisi quidem magnam harum. Repellendus reprehenderit illo inventore natus fugiat voluptatem. Delectus delectus adipisci doloremque.,0,1,0,1,0,0,0,0,0,0,0,0,0,0,0,1,0,0,0,0,0,0,0,1,0,0
Luis Aranda,9,14.68,Corporis mollitia in vitae ut delectus natus. A tenetur enim error cumque.,1,0,1,1,0,0,0,0,0,0,0,0,0,0,0,0,0,0,0,0,1,0,0,0,1,0
Jordana Albero Garmendia,1,13.82,Alias sed illum veritatis ipsam cum eaque. Similique iste corporis illum. Aperiam voluptate laudantium porro ad doloribus dolorum.,1,0,1,0,0,0,0,0,0,0,1,0,0,0,0,0,0,0,0,0,0,0,0,1,0,0
Macaria Casas Ibañez,3,15.97,"Eos labore consectetur. Provident totam corrupti quis consequatur vel similique. Quisquam quas natus dolor.
Ullam eveniet tenetur repellat consectetur. A ipsa voluptas deleniti repellat nisi.",1,0,1,1,0,0,0,0,0,0,0,0,0,0,0,0,0,0,1,0,0,0,0,1,0,0
Sigfrido Ramis Valdés,9,14.5,"Quibusdam placeat deserunt repellendus quaerat quod sequi. Iste fuga velit ex.
Optio placeat libero dolorum unde temporibus animi.
Voluptatem incidunt tenetur. Numquam necessitatibus impedit.",1,1,1,1,0,0,0,0,0,0,0,0,0,0,0,0,0,1,0,0,0,0,0,0,1,0
Nilda Bravo Girón,1,10.85,Totam consequatur suscipit aspernatur ab cupiditate. Voluptas repellat quod ipsum quis voluptatum enim. Consequuntur repellendus quam sapiente.,1,1,0,1,0,0,0,0,0,0,0,0,0,0,0,0,0,0,1,0,0,0,0,0,0,1
Jaime de Rueda,3,29.63,"Deleniti dolores repellendus. Dolore magnam qui voluptas. Velit vel amet fugiat nisi.
Veniam corporis dolores quaerat beatae debitis voluptate. Distinctio nemo necessitatibus soluta.",1,0,0,0,0,0,0,0,0,0,0,0,0,0,0,0,0,0,0,0,0,0,1,0,1,0
Ale Abellán,7,22.48,Laboriosam cumque molestias maiores fugiat tempora exercitationem. Molestias dignissimos ad corporis eaque. Sapiente ipsa ab.,0,1,1,1,0,0,0,0,0,0,0,0,0,0,0,1,0,0,0,0,0,0,0,0,0,1
Maximino Gómez,2,15.48,"Blanditiis tempora blanditiis eum. Dolorum expedita voluptate fuga temporibus quod molestias ullam.
Voluptate rem numquam dolor. Iure rerum cumque aut ullam.",0,0,1,0,0,0,0,0,1,0,0,0,0,0,0,0,0,0,0,0,0,0,0,0,0,1
Lourdes Anguita Figueras,8,18.09,Magni totam natus quidem id repellat. Veritatis facere sunt minima laudantium molestias. Unde doloremque consectetur consectetur eum nostrum hic porro.,0,1,0,1,0,0,0,0,0,0,0,0,0,1,0,0,0,0,0,0,0,0,0,0,1,0
Evaristo Vera Martí,4,29.89,Sequi quasi fugit quis atque ab exercitationem. Reiciendis voluptates culpa ex expedita ex. Harum facilis dolore ullam ea.,1,1,1,1,0,0,0,0,0,0,0,1,0,0,0,0,0,0,0,0,0,0,0,0,1,0
Ámbar de Rocamora,2,10.5,Corrupti quam blanditiis voluptatum. Rerum excepturi ipsam assumenda nam quisquam. Recusandae numquam illo.,0,0,1,1,0,0,0,0,0,0,0,0,0,0,0,0,0,0,0,0,0,0,1,0,1,0
Mohamed Fuertes Arroyo,5,28.67,Magnam consequuntur vitae autem unde velit alias magni. Odit pariatur officiis facilis.,0,1,0,0,0,0,0,0,0,0,0,0,0,0,0,0,0,1,0,0,0,0,0,0,1,0
Yaiza Delgado Sevilla,8,20.94,"Ducimus sunt numquam cum voluptas ducimus.
Earum sed saepe officiis corporis cupiditate occaecati. Ipsa minima nihil voluptates dignissimos optio voluptates quam.",1,0,1,1,0,0,0,0,0,1,0,0,0,0,0,0,0,0,0,0,0,0,0,1,0,0
Juan José Vergara,3,10.15,"Officia ullam sit deserunt explicabo eum.
A optio velit asperiores consequatur ad. Placeat omnis saepe reiciendis et fugit deleniti. Repellendus odit quos.",0,0,1,1,0,0,0,0,0,0,0,0,0,0,0,1,0,0,0,0,0,0,0,0,0,1
Yéssica Ortuño Acevedo,1,28.39,"Error cum sit dicta numquam. Enim eaque et esse.
Recusandae ullam labore nostrum dolore culpa. Ipsum vitae laboriosam eum nesciunt magnam quasi.",1,1,1,0,0,0,1,0,0,0,0,0,0,0,0,0,0,0,0,0,0,0,0,0,1,0
Pastor Ureña Calzada,3,16.22,Excepturi itaque repudiandae voluptatibus sapiente illo reprehenderit. Impedit quasi totam animi aspernatur.,0,1,1,1,0,0,0,0,0,0,0,0,0,0,0,1,0,0,0,0,0,0,0,0,0,1
Bartolomé Mas Maza,7,29.83,"Accusamus architecto assumenda consequatur.
Cumque neque debitis architecto id explicabo et. Dolorem mollitia culpa aspernatur voluptas. Nulla accusamus consequuntur.",0,0,1,1,0,0,0,0,0,0,0,0,0,0,0,0,0,0,0,1,0,0,0,0,0,1
Olimpia Gaya-Salvà,5,20.45,"Explicabo aperiam quo iste. Dolor officiis blanditiis nobis voluptates iure quos saepe.
Tenetur delectus omnis. At nostrum officiis perspiciatis.",1,1,1,1,1,0,0,0,0,0,0,0,0,0,0,0,0,0,0,0,0,0,0,0,0,1
Selena Escobar Agudo,9,11.28,Officiis perferendis pariatur amet. Dolorem adipisci natus labore ex numquam. Vitae quis officiis dolore soluta temporibus accusamus. Asperiores iusto repellendus.,0,1,1,1,0,0,0,0,0,0,0,0,0,0,0,0,1,0,0,0,0,0,0,0,0,1
América Llobet,7,22.63,Non cum excepturi sapiente. Nostrum quidem corporis nesciunt sed autem occaecati consectetur. Id voluptas omnis maxime nulla dolores.,1,1,0,0,0,0,0,0,0,0,0,0,0,0,0,0,0,0,0,1,0,0,0,0,0,1
Samu Reina Gascón,1,16.78,Iure temporibus delectus quibusdam quibusdam sunt illum. Non corrupti harum eligendi sapiente voluptates assumenda. Mollitia dolorum officiis nulla quos quo.,1,0,0,0,0,0,0,0,0,0,0,0,0,0,0,0,0,0,1,0,0,0,0,0,1,0
Belén de Casanova,4,29.37,"Deserunt nulla assumenda harum a. Nobis repudiandae laboriosam eaque. Ratione illo aperiam rem dolores eos.
Placeat quos laboriosam doloribus quis rerum. Animi deleniti reiciendis quaerat sapiente.",0,0,1,1,0,0,0,0,0,0,0,0,1,0,0,0,0,0,0,0,0,0,0,0,1,0
Sandalio de Santamaria,7,19.75,"Excepturi velit quidem veritatis asperiores ab. Sequi ab doloribus minima est saepe minima. At veritatis ullam vel.
Quo deleniti soluta nulla.
In in error recusandae vitae iste.",1,1,1,1,0,0,0,0,0,0,0,0,0,0,0,0,0,1,0,0,0,0,0,0,0,1
Rafaela Niño Juárez,8,21.89,Autem aut quibusdam sed adipisci nesciunt. Consequatur qui molestiae adipisci eaque vero totam aspernatur. Fugit sed expedita amet quae.,0,1,0,0,0,1,0,0,0,0,0,0,0,0,0,0,0,0,0,0,0,0,0,0,0,1
Begoña Ramirez Fiol,7,14.53,"Laboriosam itaque ex ipsam. Ut quae velit placeat dolores. Molestias expedita distinctio et.
Ut vel nisi suscipit quo sequi architecto. Quaerat a magnam.",0,0,1,0,0,0,0,0,0,0,0,0,1,0,0,0,0,0,0,0,0,0,0,0,0,1
Samanta Alcázar,4,15.73,"Tempora tempore quo eligendi assumenda et vero. Vero ex vel consequuntur veritatis accusamus voluptatibus.
Quo nostrum iure molestiae iure. Quaerat voluptatum voluptate laboriosam eveniet.",1,0,0,1,0,0,0,0,0,0,0,1,0,0,0,0,0,0,0,0,0,0,0,0,0,1
Alejandro Guillén,1,23.39,Facere voluptatem expedita accusantium a nemo. Neque doloremque praesentium.,0,0,0,1,0,0,0,0,0,0,0,0,0,0,0,0,0,0,0,1,0,0,0,0,0,1
Marcia Gálvez Barrio,8,27.54,Amet error expedita sit deleniti nulla rem. Minus dolorum eum eum impedit alias dolore. Distinctio nesciunt repellat tempore tempora ratione.,1,1,0,1,0,0,0,0,0,0,0,0,0,0,0,0,0,0,1,0,0,0,0,1,0,0
Dolores Galán Sans,6,29.87,Neque laudantium eligendi facere cumque cum nulla temporibus. Perferendis qui voluptas quia aliquam vel perferendis.,1,1,1,1,0,0,0,0,0,0,0,0,0,0,0,0,0,0,0,1,0,0,0,1,0,0
Edelmira Ojeda Higueras,5,28.03,"Laudantium hic nisi saepe. Accusamus ratione labore tempore modi.
Sint quis ducimus voluptatibus dolores eos quos. Quae doloremque quibusdam dolorum eligendi deserunt.",0,0,1,1,0,0,0,0,0,0,0,0,0,0,0,0,0,0,0,0,1,0,0,0,0,1
Miguela Calista Lillo Alonso,6,24.44,Ipsum reprehenderit ducimus quidem. A ea soluta nobis id. Quam ullam dicta illo odit rem sapiente.,1,1,1,1,0,0,0,0,0,0,0,0,0,0,1,0,0,0,0,0,0,0,0,0,1,0
Aureliano Corominas Hervás,2,29.17,In quibusdam voluptas iusto similique incidunt aliquid tenetur. Illum voluptatem similique dolores. Beatae reiciendis maxime.,1,0,1,0,0,1,0,0,0,0,0,0,0,0,0,0,0,0,0,0,0,0,0,0,1,0
Lázaro del Correa,7,26.94,Soluta harum quae deserunt aspernatur nisi at nostrum. Cupiditate ducimus consectetur tempore ab fugit.,0,1,0,0,0,0,0,0,0,0,1,0,0,0,0,0,0,0,0,0,0,0,0,0,1,0
Ruperto Carpio Sanjuan,3,27.91,"Assumenda atque sapiente quam sit. Sapiente eum impedit dignissimos nam.
Impedit perferendis explicabo optio aliquam debitis. Vitae minus amet numquam fugit.",1,0,1,1,0,0,0,0,0,0,0,0,0,0,1,0,0,0,0,0,0,0,0,1,0,0
Antonia Saura Blázquez,1,28.23,Veritatis dolores quis minima. Reprehenderit necessitatibus nulla occaecati.,1,1,1,0,0,0,0,0,0,0,0,0,0,0,1,0,0,0,0,0,0,0,0,0,0,1
Eufemia Plaza Ribera,7,26.37,Adipisci vitae dolorem reprehenderit perspiciatis minus. Molestias exercitationem iure perspiciatis perferendis perspiciatis sequi.,0,1,0,0,1,0,0,0,0,0,0,0,0,0,0,0,0,0,0,0,0,0,0,0,1,0
Lupita Moles Marí,2,10.62,Praesentium vel atque magnam voluptates eligendi. Provident id impedit quas quam beatae accusamus. Blanditiis at voluptatem possimus.,0,0,1,1,1,0,0,0,0,0,0,0,0,0,0,0,0,0,0,0,0,0,0,1,0,0
Pascuala Pulido Olivera,8,24.42,"Quibusdam numquam fugiat cum. Autem saepe officiis veniam labore nam vero.
Ullam vitae non fuga nisi. Qui ipsam debitis nulla necessitatibus minus distinctio.",1,1,1,1,0,0,0,0,0,0,0,0,0,0,0,0,0,0,0,1,0,0,0,0,1,0
Jesusa Valencia Carballo,8,10.53,Eum amet sequi iusto architecto veniam. Itaque alias nihil deserunt provident nesciunt. Deserunt minus ducimus tempora praesentium.,0,0,1,1,0,0,0,0,0,0,0,0,0,0,0,0,0,1,0,0,0,0,0,0,1,0
Pepe Amaya Feijoo,7,23.9,Nesciunt quos accusantium illo ipsum dicta architecto. Laboriosam ipsam minima sed necessitatibus impedit architecto.,0,0,0,1,0,0,0,0,0,0,0,0,1,0,0,0,0,0,0,0,0,0,0,0,1,0
Mariano Costa Espada,1,28.37,Tempora quasi nesciunt rerum at excepturi. Tempora necessitatibus dicta.,1,0,1,0,0,0,0,0,0,0,0,0,0,0,0,0,0,1,0,0,0,0,0,0,1,0
Aníbal Ildefonso Arroyo Rocha,8,27.86,"Doloribus mollitia repellendus beatae fugiat et voluptas.
Excepturi deleniti sed dolorum quaerat. Dolor dolore pariatur sequi id reiciendis illo. Inventore labore possimus eveniet expedita quia et.",0,0,1,0,0,0,0,0,0,0,0,0,0,0,1,0,0,0,0,0,0,0,0,0,0,1
Curro Azorin-Pinilla,2,27.73,Tempora est dignissimos unde. Itaque harum laboriosam distinctio vero. Earum aut provident libero possimus impedit consectetur.,1,1,0,0,0,0,0,0,0,0,0,0,0,0,0,0,0,0,0,0,1,0,0,0,0,1
Adelia Guerrero Andres,3,29.57,Sint fugiat nam aliquam. Blanditiis reiciendis cumque aut eos. Eos sint sint vero ex cumque. Unde dolor ad consequuntur.,1,0,1,1,0,0,1,0,0,0,0,0,0,0,0,0,0,0,0,0,0,0,0,0,1,0
Mohamed Yuste Cañete,3,25.17,Dolores omnis laborum placeat fugit. Assumenda impedit distinctio amet.,1,1,0,1,0,0,0,0,0,0,0,0,0,0,0,0,0,0,0,0,1,0,0,0,0,1
Ruth Casal Jurado,9,23.76,Provident vel minima exercitationem qui iste. Numquam ad exercitationem facilis adipisci nisi. Eligendi ullam omnis iusto nulla voluptatibus.,0,1,0,0,0,0,0,0,0,1,0,0,0,0,0,0,0,0,0,0,0,0,0,0,1,0
María Teresa Murillo Casares,9,11.07,Odit enim omnis. Qui necessitatibus animi ipsum numquam. Doloribus eius iste quidem.,1,1,1,0,0,0,0,0,0,0,0,0,0,0,0,0,1,0,0,0,0,0,0,0,0,1
Conrado Heriberto Villaverde Corominas,9,23.92,Omnis nulla exercitationem voluptas culpa eligendi praesentium. Dolores cumque veritatis iusto magni nemo maxime. Quod nostrum reprehenderit ad.,0,1,1,1,0,0,0,0,0,0,0,1,0,0,0,0,0,0,0,0,0,0,0,1,0,0
Almudena Palmira Llopis Moreno,1,22.12,Quod omnis sunt atque maxime sunt quaerat. Delectus quas in adipisci. Quia corrupti iure.,1,0,1,1,0,0,0,0,0,1,0,0,0,0,0,0,0,0,0,0,0,0,0,1,0,0
Duilio Pascual Haro,1,21.6,Non reiciendis pariatur quod est repellat consequuntur. Necessitatibus atque consequuntur maiores. Possimus incidunt reprehenderit.,1,1,0,1,0,0,0,0,0,0,0,1,0,0,0,0,0,0,0,0,0,0,0,1,0,0
